{"p_x": 0.6775829232833888, "p_y": 0.021718531373930653, "orien_z": -0.12828803417339307, "orien_w": 0.9917369511558629}